{"Accuracy/ConvNet":0.17752,"Std/ConvNet":0.003891220888101837,"_step":0,"Synthetic_LR":0.009999999776482582,"Clipped_Reconstructed_Images/std_2.5":{"sha256":"7817b447f21c2e2352cfc0e98fa3200b4293a8eb154d78e7c23fceb122edb973","size":3432732,"path":"media/images/Clipped_Reconstructed_Images/std_2.5_0_7817b447f21c2e2352cf.png","format":"png","width":1302,"height":13002,"_type":"image-file"},"Pixels":{"bins":[-2.006455183029175,-1.9433608055114746,-1.8802663087844849,-1.8171718120574951,-1.754077434539795,-1.6909830570220947,-1.627888560295105,-1.5647940635681152,-1.501699686050415,-1.4386053085327148,-1.375510811805725,-1.3124163150787354,-1.2493219375610352,-1.186227560043335,-1.1231330633163452,-1.0600385665893555,-0.9969441890716553,-0.9338498115539551,-0.8707553148269653,-0.8076608180999756,-0.7445664405822754,-0.6814720630645752,-0.6183775663375854,-0.5552830696105957,-0.4921886920928955,-0.4290943145751953,-0.36599981784820557,-0.3029053211212158,-0.23981094360351562,-0.17671656608581543,-0.11362206935882568,-0.05052757263183594,0.012566804885864258,0.07566118240356445,0.13875555992126465,0.20185017585754395,0.26494455337524414,0.32803893089294434,0.39113354682922363,0.45422792434692383,0.517322301864624,0.5804166793823242,0.6435110569000244,0.7066056728363037,0.7697000503540039,0.8327944278717041,0.8958890438079834,0.9589834213256836,1.0220777988433838,1.085172176361084,1.1482665538787842,1.2113611698150635,1.2744555473327637,1.3375499248504639,1.4006445407867432,1.4637389183044434,1.5268332958221436,1.5899276733398438,1.653022050857544,1.7161166667938232,1.7792110443115234,1.8423054218292236,1.905400037765503,1.9684944152832031,2.031588554382324],"_type":"histogram","values":[3,0,1,1,8,11,19,26,63,89,146,252,426,613,948,1484,2109,3091,4767,6862,10281,15118,22322,33230,48033,69106,98484,138215,192345,262077,335644,369203,380991,307397,220483,157639,112955,81319,58556,42103,29839,20912,14420,10185,6982,4625,3100,2010,1303,864,502,312,187,136,80,38,38,21,10,6,3,3,2,2]},"Synthetic_Pixels":{"bins":[-2.006455183029175,-1.9433608055114746,-1.8802663087844849,-1.8171718120574951,-1.754077434539795,-1.6909830570220947,-1.627888560295105,-1.5647940635681152,-1.501699686050415,-1.4386053085327148,-1.375510811805725,-1.3124163150787354,-1.2493219375610352,-1.186227560043335,-1.1231330633163452,-1.0600385665893555,-0.9969441890716553,-0.9338498115539551,-0.8707553148269653,-0.8076608180999756,-0.7445664405822754,-0.6814720630645752,-0.6183775663375854,-0.5552830696105957,-0.4921886920928955,-0.4290943145751953,-0.36599981784820557,-0.3029053211212158,-0.23981094360351562,-0.17671656608581543,-0.11362206935882568,-0.05052757263183594,0.012566804885864258,0.07566118240356445,0.13875555992126465,0.20185017585754395,0.26494455337524414,0.32803893089294434,0.39113354682922363,0.45422792434692383,0.517322301864624,0.5804166793823242,0.6435110569000244,0.7066056728363037,0.7697000503540039,0.8327944278717041,0.8958890438079834,0.9589834213256836,1.0220777988433838,1.085172176361084,1.1482665538787842,1.2113611698150635,1.2744555473327637,1.3375499248504639,1.4006445407867432,1.4637389183044434,1.5268332958221436,1.5899276733398438,1.653022050857544,1.7161166667938232,1.7792110443115234,1.8423054218292236,1.905400037765503,1.9684944152832031,2.031588554382324],"_type":"histogram","values":[3,0,1,1,8,11,19,26,63,89,146,252,426,613,948,1484,2109,3091,4767,6862,10281,15118,22322,33230,48033,69106,98484,138215,192345,262077,335644,369203,380991,307397,220483,157639,112955,81319,58556,42103,29839,20912,14420,10185,6982,4625,3100,2010,1303,864,502,312,187,136,80,38,38,21,10,6,3,3,2,2]},"Max_Std/ConvNet":0.003891220888101837,"Clipped_Synthetic_Images/std_2.5":{"format":"png","width":1302,"height":13002,"_type":"image-file","sha256":"4a1f17b1ff71a45c13bb28efbe8e08098d3276302384e14d1b9f3c7067d3833e","size":3966553,"path":"media/images/Clipped_Synthetic_Images/std_2.5_0_4a1f17b1ff71a45c13bb.png"},"Synthetic_Images":{"format":"png","width":1302,"height":13002,"_type":"image-file","sha256":"dcb8d86ed242947ebd70af0113c5c0f3893f473ef6500395bb1550471c0a9a1c","size":3731727,"path":"media/images/Synthetic_Images_0_dcb8d86ed242947ebd70.png"},"_runtime":313.515433634,"Reconstructed_Images":{"size":3432732,"path":"media/images/Reconstructed_Images_0_7817b447f21c2e2352cf.png","format":"png","width":1302,"height":13002,"_type":"image-file","sha256":"7817b447f21c2e2352cfc0e98fa3200b4293a8eb154d78e7c23fceb122edb973"},"_timestamp":1.7418191739220772e+09,"_wandb":{"runtime":313},"Max_Accuracy/ConvNet":0.17752,"Progress":0,"Reconstructed_Pixels":{"_type":"histogram","values":[39943,28251,30889,34078,36320,38435,42291,46184,48527,50918,53229,53762,54832,55840,57464,59551,60063,61346,61834,62279,63206,63084,63280,64267,65494,64512,64370,64276,63982,62478,62293,60747,59516,57900,56557,55119,53942,52736,51647,50968,49905,48961,47139,45301,42529,41159,38728,38263,36968,35404,33876,32635,29626,29142,27802,26404,25438,25270,23715,22245,23501,22686,29892,119001],"bins":[-0.0002364282845519483,0.015394882299005985,0.031026193872094154,0.0466575026512146,0.062288813292980194,0.07792012393474579,0.09355143457651138,0.10918274521827698,0.12481405586004257,0.14044538140296936,0.15607668459415436,0.17170798778533936,0.18733930587768555,0.20297062397003174,0.21860192716121674,0.23423323035240173,0.24986454844474792,0.2654958665370941,0.2811271846294403,0.2967584729194641,0.3123897910118103,0.3280211091041565,0.3436523973941803,0.3592837154865265,0.3749150335788727,0.39054635167121887,0.40617766976356506,0.42180895805358887,0.43744027614593506,0.45307159423828125,0.46870288252830505,0.48433420062065125,0.49996551871299744,0.5155968070030212,0.5312281250953674,0.5468594431877136,0.5624907612800598,0.5781220197677612,0.5937533378601074,0.6093846559524536,0.6250159740447998,0.640647292137146,0.6562786102294922,0.6719099283218384,0.6875411868095398,0.703172504901886,0.7188038229942322,0.7344351410865784,0.7500664591789246,0.7656977772712708,0.7813290953636169,0.7969604134559631,0.8125917315483093,0.8282229900360107,0.8438543081283569,0.8594856262207031,0.8751169443130493,0.8907482624053955,0.9063795804977417,0.9220108985900879,0.9376421570777893,0.9532734751701355,0.9689047932624817,0.9845361113548279,1.0001674890518188]}}