{"_runtime":311.528807953,"_step":0,"Synthetic_Images":{"height":13002,"_type":"image-file","sha256":"e5a79c73222742427dd62b916b3574f69479068827638b2dd57275a07f8d7ea1","size":3736916,"path":"media/images/Synthetic_Images_0_e5a79c73222742427dd6.png","format":"png","width":1302},"_timestamp":1.741823099486896e+09,"Synthetic_Pixels":{"_type":"histogram","values":[1,0,1,0,0,14,7,30,29,41,62,116,157,249,408,683,1032,1588,2461,3799,6033,8819,13310,19606,28414,40430,58317,82381,115564,159546,218446,290369,352475,376781,360147,262242,189119,135338,97588,71250,51849,37402,26803,18851,13141,9196,6097,4111,2687,1826,1167,755,512,272,203,120,69,30,26,18,4,5,2,1],"bins":[-2.0808334350585938,-2.0184476375579834,-1.956061601638794,-1.893675684928894,-1.8312897682189941,-1.7689038515090942,-1.7065179347991943,-1.644132137298584,-1.5817461013793945,-1.5193603038787842,-1.4569742679595947,-1.3945884704589844,-1.3322025537490845,-1.2698166370391846,-1.2074307203292847,-1.1450448036193848,-1.0826588869094849,-1.020272970199585,-0.9578870534896851,-0.8955011367797852,-0.8331152200698853,-0.7707293033599854,-0.7083433866500854,-0.6459574699401855,-0.5835716724395752,-0.5211857557296753,-0.4587998390197754,-0.3964139223098755,-0.3340280055999756,-0.2716420888900757,-0.20925617218017578,-0.14687025547027588,-0.08448433876037598,-0.022098541259765625,0.04028749465942383,0.10267329216003418,0.16505932807922363,0.22744512557983398,0.28983116149902344,0.3522169589996338,0.41460299491882324,0.4769887924194336,0.539374828338623,0.6017606258392334,0.6641466617584229,0.7265324592590332,0.7889184951782227,0.851304292678833,0.9136900901794434,0.9760761260986328,1.0384619235992432,1.1008479595184326,1.163233757019043,1.2256197929382324,1.2880055904388428,1.3503916263580322,1.4127774238586426,1.475163459777832,1.5375492572784424,1.5999352931976318,1.6623210906982422,1.7247071266174316,1.787092924118042,1.8494789600372314,1.9118648767471313]},"Synthetic_LR":0.009999999776482582,"_wandb":{"runtime":311},"Max_Std/ConvNet":0.003434879910564561,"Std/ConvNet":0.003434879910564561,"Progress":0,"Accuracy/ConvNet":0.18984,"Reconstructed_Pixels":{"bins":[-0.00021573694539256394,0.015414398163557053,0.031044533476233482,0.04667467251420021,0.06230480596423149,0.07793493568897247,0.09356507658958435,0.10919521003961563,0.12482534348964691,0.1404554843902588,0.15608561038970947,0.17171575129032135,0.18734589219093323,0.2029760181903839,0.2186061590909958,0.23423628509044647,0.24986642599105835,0.26549655199050903,0.2811267077922821,0.2967568337917328,0.31238695979118347,0.32801711559295654,0.3436472415924072,0.3592773675918579,0.374907523393631,0.39053764939308167,0.40616777539253235,0.42179790139198303,0.4374280571937561,0.4530581831932068,0.46868830919265747,0.48431846499443054,0.4999485909938812,0.5155787467956543,0.531208872795105,0.5468389987945557,0.5624691843986511,0.5780993103981018,0.5937294363975525,0.6093595623970032,0.6249896883964539,0.6406198143959045,0.65625,0.6718801259994507,0.6875102519989014,0.703140377998352,0.7187705039978027,0.7344006299972534,0.7500308156013489,0.7656609416007996,0.7812910676002502,0.7969211935997009,0.8125513195991516,0.8281814455986023,0.843811571598053,0.8594417572021484,0.8750718832015991,0.8907020092010498,0.9063321352005005,0.9219622611999512,0.9375923871994019,0.9532225728034973,0.968852698802948,0.9844828248023987,1.0001128911972046],"_type":"histogram","values":[42473,28702,29580,32332,34567,36060,40210,41621,44111,46701,49831,51707,54450,57301,59060,60093,61833,62486,63960,63104,63454,63688,63585,63927,64131,63602,63529,63247,62853,61474,61242,60878,60209,59968,57933,56789,56107,55014,54538,52655,50805,49087,46889,45166,42259,40558,38772,38118,36661,34526,32893,32365,30368,27994,27161,26687,26092,26048,24999,24662,24215,24348,30177,122145]},"Clipped_Synthetic_Images/std_2.5":{"width":1302,"height":13002,"_type":"image-file","sha256":"88a990e4411c11403d9f76cc0d3e4506e9c18badda6d8853b9400f954d488789","size":3969049,"path":"media/images/Clipped_Synthetic_Images/std_2.5_0_88a990e4411c11403d9f.png","format":"png"},"Reconstructed_Images":{"height":13002,"_type":"image-file","sha256":"0783758033c2c91ab6967cca3f5c778e87bc075814aaa90ce6a99fdae1f020b5","size":3430769,"path":"media/images/Reconstructed_Images_0_0783758033c2c91ab696.png","format":"png","width":1302},"Clipped_Reconstructed_Images/std_2.5":{"path":"media/images/Clipped_Reconstructed_Images/std_2.5_0_0783758033c2c91ab696.png","format":"png","width":1302,"height":13002,"_type":"image-file","sha256":"0783758033c2c91ab6967cca3f5c778e87bc075814aaa90ce6a99fdae1f020b5","size":3430769},"Pixels":{"values":[1,0,1,0,0,14,7,30,29,41,62,116,157,249,408,683,1032,1588,2461,3799,6033,8819,13310,19606,28414,40430,58317,82381,115564,159546,218446,290369,352475,376781,360147,262242,189119,135338,97588,71250,51849,37402,26803,18851,13141,9196,6097,4111,2687,1826,1167,755,512,272,203,120,69,30,26,18,4,5,2,1],"bins":[-2.0808334350585938,-2.0184476375579834,-1.956061601638794,-1.893675684928894,-1.8312897682189941,-1.7689038515090942,-1.7065179347991943,-1.644132137298584,-1.5817461013793945,-1.5193603038787842,-1.4569742679595947,-1.3945884704589844,-1.3322025537490845,-1.2698166370391846,-1.2074307203292847,-1.1450448036193848,-1.0826588869094849,-1.020272970199585,-0.9578870534896851,-0.8955011367797852,-0.8331152200698853,-0.7707293033599854,-0.7083433866500854,-0.6459574699401855,-0.5835716724395752,-0.5211857557296753,-0.4587998390197754,-0.3964139223098755,-0.3340280055999756,-0.2716420888900757,-0.20925617218017578,-0.14687025547027588,-0.08448433876037598,-0.022098541259765625,0.04028749465942383,0.10267329216003418,0.16505932807922363,0.22744512557983398,0.28983116149902344,0.3522169589996338,0.41460299491882324,0.4769887924194336,0.539374828338623,0.6017606258392334,0.6641466617584229,0.7265324592590332,0.7889184951782227,0.851304292678833,0.9136900901794434,0.9760761260986328,1.0384619235992432,1.1008479595184326,1.163233757019043,1.2256197929382324,1.2880055904388428,1.3503916263580322,1.4127774238586426,1.475163459777832,1.5375492572784424,1.5999352931976318,1.6623210906982422,1.7247071266174316,1.787092924118042,1.8494789600372314,1.9118648767471313],"_type":"histogram"},"Max_Accuracy/ConvNet":0.18984}