{"_wandb":{"runtime":314},"Progress":0,"Pixels":{"values":[2,2,3,13,9,9,25,50,82,105,181,257,447,639,1029,1639,2400,3724,5864,8365,12388,17878,26178,37184,52724,74215,103816,142552,193045,255813,321836,360986,369746,297719,217994,156210,113225,83171,60699,43911,31977,22929,16223,11189,7733,5275,3623,2409,1565,1074,765,419,252,187,89,58,45,24,11,7,5,1,1,4],"bins":[-1.96774423122406,-1.9057698249816895,-1.8437954187393188,-1.7818210124969482,-1.7198466062545776,-1.657872200012207,-1.595897912979126,-1.5339235067367554,-1.4719491004943848,-1.4099746942520142,-1.3480002880096436,-1.286025881767273,-1.2240514755249023,-1.1620770692825317,-1.1001026630401611,-1.03812837600708,-0.9761539101600647,-0.9141795635223389,-0.8522051572799683,-0.7902307510375977,-0.728256344795227,-0.6662819385528564,-0.6043075323104858,-0.5423331260681152,-0.48035871982574463,-0.418384313583374,-0.3564099073410034,-0.29443562030792236,-0.23246121406555176,-0.17048680782318115,-0.10851240158081055,-0.04653799533843994,0.015436410903930664,0.07741081714630127,0.13938510417938232,0.20135962963104248,0.26333391666412354,0.3253084421157837,0.38728272914886475,0.4492572546005249,0.511231541633606,0.5732060670852661,0.6351803541183472,0.6971546411514282,0.7591291666030884,0.8211034536361694,0.8830779790878296,0.9450522661209106,1.0070267915725708,1.0690010786056519,1.130975604057312,1.192949891090393,1.2549244165420532,1.3168987035751343,1.3788729906082153,1.4408475160598755,1.5028218030929565,1.5647963285446167,1.6267706155776978,1.688745141029358,1.750719428062439,1.8126939535140991,1.8746682405471802,1.9366427659988403,1.9986170530319214],"_type":"histogram"},"Max_Accuracy/ConvNet":0.18116000000000002,"Reconstructed_Pixels":{"bins":[-0.0003304540296085179,0.015301447361707687,0.030933348461985588,0.04656524956226349,0.06219714879989624,0.07782904803752899,0.09346095472574234,0.10909285396337509,0.12472475320100784,0.1403566598892212,0.15598855912685394,0.1716204583644867,0.18725237250328064,0.2028842717409134,0.21851617097854614,0.2341480702161789,0.24977996945381165,0.2654118835926056,0.28104376792907715,0.2966756820678711,0.31230756640434265,0.3279394805431366,0.34357136487960815,0.3592032790184021,0.37483519315719604,0.3904670774936676,0.40609899163246155,0.4217308759689331,0.43736279010772705,0.4529946744441986,0.46862658858299255,0.4842584729194641,0.49989038705825806,0.515522301197052,0.531154215335846,0.5467860698699951,0.5624179840087891,0.578049898147583,0.593681812286377,0.6093136668205261,0.6249455809593201,0.640577495098114,0.656209409236908,0.6718413233757019,0.6874731779098511,0.703105092048645,0.718737006187439,0.7343689203262329,0.7500008344650269,0.765632688999176,0.78126460313797,0.7968965172767639,0.8125284314155579,0.828160285949707,0.843792200088501,0.8594241142272949,0.8750560283660889,0.8906879425048828,0.906319797039032,0.9219517111778259,0.9375836253166199,0.9532155394554138,0.968847393989563,0.9844793081283569,1.0001112222671509],"_type":"histogram","values":[42603,25991,28500,33173,38332,40433,43040,46255,48814,50721,52208,54157,56152,55921,57954,58164,58610,60203,60515,61321,62354,62937,62272,61859,61510,61877,61602,62019,60829,59604,58820,58738,59450,57617,55876,55042,54550,53932,52735,50367,49180,46816,46082,44704,44743,42869,41393,41136,38671,37171,36305,34242,32188,30172,28080,25970,26113,25736,23826,22764,22961,24014,30984,128823]},"Synthetic_Pixels":{"_type":"histogram","values":[2,2,3,13,9,9,25,50,82,105,181,257,447,639,1029,1639,2400,3724,5864,8365,12388,17878,26178,37184,52724,74215,103816,142552,193045,255813,321836,360986,369746,297719,217994,156210,113225,83171,60699,43911,31977,22929,16223,11189,7733,5275,3623,2409,1565,1074,765,419,252,187,89,58,45,24,11,7,5,1,1,4],"bins":[-1.96774423122406,-1.9057698249816895,-1.8437954187393188,-1.7818210124969482,-1.7198466062545776,-1.657872200012207,-1.595897912979126,-1.5339235067367554,-1.4719491004943848,-1.4099746942520142,-1.3480002880096436,-1.286025881767273,-1.2240514755249023,-1.1620770692825317,-1.1001026630401611,-1.03812837600708,-0.9761539101600647,-0.9141795635223389,-0.8522051572799683,-0.7902307510375977,-0.728256344795227,-0.6662819385528564,-0.6043075323104858,-0.5423331260681152,-0.48035871982574463,-0.418384313583374,-0.3564099073410034,-0.29443562030792236,-0.23246121406555176,-0.17048680782318115,-0.10851240158081055,-0.04653799533843994,0.015436410903930664,0.07741081714630127,0.13938510417938232,0.20135962963104248,0.26333391666412354,0.3253084421157837,0.38728272914886475,0.4492572546005249,0.511231541633606,0.5732060670852661,0.6351803541183472,0.6971546411514282,0.7591291666030884,0.8211034536361694,0.8830779790878296,0.9450522661209106,1.0070267915725708,1.0690010786056519,1.130975604057312,1.192949891090393,1.2549244165420532,1.3168987035751343,1.3788729906082153,1.4408475160598755,1.5028218030929565,1.5647963285446167,1.6267706155776978,1.688745141029358,1.750719428062439,1.8126939535140991,1.8746682405471802,1.9366427659988403,1.9986170530319214]},"Clipped_Synthetic_Images/std_2.5":{"size":3977375,"path":"media/images/Clipped_Synthetic_Images/std_2.5_0_97234e76d1784a95fd31.png","format":"png","width":1302,"height":13002,"_type":"image-file","sha256":"97234e76d1784a95fd31d6883d1a363e545d634626b8c306626df96482333dd9"},"Accuracy/ConvNet":0.18116000000000002,"_runtime":314.118625975,"Max_Std/ConvNet":0.0010384603988597768,"Synthetic_Images":{"sha256":"b37a4d52c952a84ff46fc5bee91e7cc45be1316d6dd7af78140722a81e5d654e","size":3750189,"path":"media/images/Synthetic_Images_0_b37a4d52c952a84ff46f.png","format":"png","width":1302,"height":13002,"_type":"image-file"},"_step":0,"Synthetic_LR":0.009999999776482582,"Clipped_Reconstructed_Images/std_2.5":{"sha256":"e495489b3c9439c266cf7a863107d9d44981645a922808f9936e8121161aa004","size":3450328,"path":"media/images/Clipped_Reconstructed_Images/std_2.5_0_e495489b3c9439c266cf.png","format":"png","width":1302,"height":13002,"_type":"image-file"},"Reconstructed_Images":{"_type":"image-file","sha256":"e495489b3c9439c266cf7a863107d9d44981645a922808f9936e8121161aa004","size":3450328,"path":"media/images/Reconstructed_Images_0_e495489b3c9439c266cf.png","format":"png","width":1302,"height":13002},"_timestamp":1.7418200297900138e+09,"Std/ConvNet":0.0010384603988597768}